{"cameraMode":{"drawMode":0,"name":"Shaded","section":"Shading Mode"},"sceneLighting":true,"audioPlay":false,"sceneViewState":{"m_AlwaysRefresh":false,"showFog":true,"showSkybox":true,"showFlares":true,"showImageEffects":true,"showParticleSystems":true,"showVisualEffectGraphs":true,"m_FxEnabled":true},"in2DMode":false,"pivot":{"x":-7.589715003967285,"y":-2.173367977142334,"z":28.74167823791504},"rotation":{"x":-0.11077781766653061,"y":0.07357528060674668,"z":-0.008204782381653786,"w":-0.9911069273948669},"size":51.526695251464847,"orthographic":false}