{"cameraMode":{"drawMode":0,"name":"Shaded","section":"Shading Mode"},"sceneLighting":true,"audioPlay":false,"sceneViewState":{"m_AlwaysRefresh":false,"showFog":true,"showSkybox":true,"showFlares":true,"showImageEffects":true,"showParticleSystems":true,"showVisualEffectGraphs":true,"m_FxEnabled":true},"in2DMode":false,"pivot":{"x":-3.981891632080078,"y":3.4330406188964845,"z":30.563392639160158},"rotation":{"x":-0.11077781766653061,"y":0.07357528060674668,"z":-0.008204782381653786,"w":-0.9911069273948669},"size":15.051583290100098,"orthographic":false}