{"cameraMode":{"drawMode":0,"name":"Shaded","section":"Shading Mode"},"sceneLighting":true,"audioPlay":false,"sceneViewState":{"m_AlwaysRefresh":false,"showFog":true,"showSkybox":true,"showFlares":true,"showImageEffects":true,"showParticleSystems":true,"showVisualEffectGraphs":true,"m_FxEnabled":true},"in2DMode":false,"pivot":{"x":-6.047516345977783,"y":-5.28597354888916,"z":23.664674758911134},"rotation":{"x":-0.21884788572788239,"y":0.11880436539649964,"z":-0.026835663244128228,"w":-0.9681522250175476},"size":20.805614471435548,"orthographic":false}