{"cameraMode":{"drawMode":0,"name":"Shaded","section":"Shading Mode"},"sceneLighting":false,"audioPlay":false,"sceneViewState":{"m_AlwaysRefresh":false,"showFog":true,"showSkybox":false,"showFlares":true,"showImageEffects":true,"showParticleSystems":true,"showVisualEffectGraphs":true,"m_FxEnabled":true},"in2DMode":false,"pivot":{"x":3.7121241092681886,"y":2.4628870487213136,"z":10.132882118225098},"rotation":{"x":-0.35031864047050478,"y":0.06512071937322617,"z":-0.024404147639870645,"w":-0.9340723156929016},"size":2.598076105117798,"orthographic":false}